,index,Home_Team_Fifa_Code,Away_Team_Fifa_Code,Draw_Home,Draw_Away,Pred_Goal_Diff
0,0,RUS,KSA,A1,A2,0.7652764077733112
1,1,EGY,KSA,A3,A2,0.4396460694777631
2,2,URU,KSA,A4,A2,1.6781127635164799
3,3,POR,KSA,B1,A2,1.7570595471430823
4,4,ESP,KSA,B2,A2,1.7146770062023644
5,5,MAR,KSA,B3,A2,0.5780212119163441
6,6,IRN,KSA,B4,A2,0.960238707786977
7,7,FRA,KSA,C1,A2,1.646138741755534
8,8,AUS,KSA,C2,A2,0.69938675799823
9,9,PER,KSA,C3,A2,1.4701378907608003
10,10,DEN,KSA,C4,A2,1.0486460869648693
11,11,ARG,KSA,D1,A2,1.9255474529981509
12,12,ISL,KSA,D2,A2,1.412553380753947
13,13,CRO,KSA,D3,A2,1.6348473312454654
14,14,NGA,KSA,D4,A2,0.13715576756585024
15,15,BRA,KSA,E1,A2,1.970428797095905
16,16,SUI,KSA,E2,A2,1.4195948994446066
17,17,CRC,KSA,E3,A2,0.5771027158680049
18,18,SRB,KSA,E4,A2,0.8993494405451834
19,19,GER,KSA,F1,A2,1.8109159186860744
20,20,SWE,KSA,F2,A2,1.5763787296603713
21,21,MEX,KSA,F3,A2,0.7715876998854181
22,22,KOR,KSA,F4,A2,0.6610012024769316
23,23,BEL,KSA,G1,A2,1.7432038716068687
24,24,PAN,KSA,G2,A2,0.3886689893286479
25,25,TUN,KSA,G3,A2,0.0547061360083575
26,26,ENG,KSA,G4,A2,1.5304037109623154
27,27,POL,KSA,H1,A2,1.2034312778738272
28,28,SEN,KSA,H2,A2,0.6008213582592608
29,29,COL,KSA,H3,A2,1.5147354203259091
30,30,JPN,KSA,H4,A2,0.4031185964170194
31,31,RUS,EGY,A1,A3,0.7223543370315575
32,32,URU,EGY,A4,A3,1.5096035002966484
33,33,POR,EGY,B1,A3,1.778372283089003
34,34,ESP,EGY,B2,A3,1.7014940771049143
35,35,MAR,EGY,B3,A3,0.497322491243537
36,36,IRN,EGY,B4,A3,0.9422969714042873
37,37,FRA,EGY,C1,A3,1.628197005372844
38,38,AUS,EGY,C2,A3,0.6012118443776917
39,39,PER,EGY,C3,A3,1.3894391700879942
40,40,DEN,EGY,C4,A3,1.030704350582179
41,41,ARG,EGY,D1,A3,1.714563297884145
42,42,ISL,EGY,D2,A3,1.3308607903916894
43,43,CRO,EGY,D3,A3,1.5236365119575481
44,44,NGA,EGY,D4,A3,0.056457046893041984
45,45,BRA,EGY,E1,A3,1.889730076423099
46,46,SUI,EGY,E2,A3,1.401653163061917
47,47,CRC,EGY,E3,A3,0.5056210153017076
48,48,SRB,EGY,E4,A3,0.8666445676209698
49,49,GER,EGY,F1,A3,1.848625554031865
50,50,SWE,EGY,F2,A3,1.55843699327768
51,51,MEX,EGY,F3,A3,0.6908889792126114
52,52,KOR,EGY,F4,A3,0.5803024818041247
53,53,BEL,EGY,G1,A3,1.7118174917749638
54,54,PAN,EGY,G2,A3,0.31222117840664576
55,55,TUN,EGY,G3,A3,-0.025992584664450424
56,56,ENG,EGY,G4,A3,1.4433696611264641
57,57,POL,EGY,H1,A3,1.155007989697928
58,58,SEN,EGY,H2,A3,0.5828796218765693
59,59,COL,EGY,H3,A3,1.3767075824612975
60,60,JPN,EGY,H4,A3,0.3224198757442127
61,61,KSA,EGY,A2,A3,0.3269862513045436
62,62,RUS,URU,A1,A4,-0.23367063664416365
63,63,EGY,URU,A3,A4,-0.7260022546242542
64,64,POR,URU,B1,A4,0.7327492211504052
65,65,ESP,URU,B2,A4,0.6903666802096877
66,66,MAR,URU,B3,A4,-0.5667834074324164
67,67,IRN,URU,B4,A4,-0.03870833663049733
68,68,FRA,URU,C1,A4,0.6471916973380603
69,69,AUS,URU,C2,A4,-0.5119992775830405
70,70,PER,URU,C3,A4,0.1633432923189969
71,71,DEN,URU,C4,A4,0.049699042547395766
72,72,ARG,URU,D1,A4,0.7279444335997765
73,73,ISL,URU,D2,A4,0.36178059486777747
74,74,CRO,URU,D3,A4,0.6359002868279922
75,75,NGA,URU,D4,A4,-0.9450812550311642
76,76,BRA,URU,E1,A4,0.72899548320706
77,77,SUI,URU,E2,A4,0.4206478550271331
78,78,CRC,URU,E3,A4,-0.4753842927330766
79,79,SRB,URU,E4,A4,-0.11436074041381461
80,80,GER,URU,F1,A4,0.7866055926933977
81,81,SWE,URU,F2,A4,0.5774316852428969
82,82,MEX,URU,F3,A4,-0.5349056839524471
83,83,KOR,URU,F4,A4,-0.4768061627526551
84,84,BEL,URU,G1,A4,0.7188935456141907
85,85,PAN,URU,G2,A4,-0.6687841296281388
86,86,TUN,URU,G3,A4,-1.1769279961270736
87,87,ENG,URU,G4,A4,0.5314566665448406
88,88,POL,URU,H1,A4,0.20448423345635347
89,89,SEN,URU,H2,A4,-0.3981256861582134
90,90,COL,URU,H3,A4,0.28824922560889576
91,91,JPN,URU,H4,A4,-0.7404357146125914
92,92,KSA,URU,A2,A4,-0.787590794151952
93,93,RUS,POR,A1,B1,-0.8261996136395823
94,94,EGY,POR,A3,B1,-1.0286501608973515
95,95,URU,POR,A4,B1,-0.29475631514685074
96,96,ESP,POR,B2,B1,0.35769211454765704
97,97,MAR,POR,B3,B1,-0.8338749512442513
98,98,IRN,POR,B4,B1,-0.4725327543652299
99,99,FRA,POR,C1,B1,0.0811445913890515
100,100,AUS,POR,C2,B1,-1.0970241131671281
101,101,PER,POR,C3,B1,-0.48493903292726004
102,102,DEN,POR,C4,B1,-0.41766883078726025
103,103,ARG,POR,D1,B1,0.03011035652222005
104,104,ISL,POR,D2,B1,-0.21769316027945046
105,105,CRO,POR,D3,B1,-0.02491743871359231
106,106,NGA,POR,D4,B1,-1.2121727988429973
107,107,BRA,POR,E1,B1,0.24548423839019196
108,108,SUI,POR,E2,B1,-0.10212272905100933
109,109,CRC,POR,E3,B1,-0.7909942058690818
110,110,SRB,POR,E4,B1,-0.5978198616465094
111,111,GER,POR,F1,B1,0.41914357997157115
112,112,SWE,POR,F2,B1,0.047116837673358725
113,113,MEX,POR,F3,B1,-0.8594363530693641
114,114,KOR,POR,F4,B1,-0.9248965510169667
115,115,BEL,POR,G1,B1,0.12779781988618844
116,116,PAN,POR,G2,B1,-0.9458987237962505
117,117,TUN,POR,G3,B1,-1.4888092420412584
118,118,ENG,POR,G4,B1,-0.10518428954467562
119,119,POL,POR,H1,B1,-0.3935459609732114
120,120,SEN,POR,H2,B1,-0.7106381345778957
121,121,COL,POR,H3,B1,-0.33662853421926553
122,122,JPN,POR,H4,B1,-1.2544818329640817
123,123,KSA,POR,A2,B1,-1.154828660605762
124,124,RUS,ESP,A1,B2,-0.6449883140093131
125,125,EGY,ESP,A3,B2,-0.9726341349491647
126,126,URU,ESP,A4,B2,-0.11354501551658186
127,127,POR,ESP,B1,B2,0.4763358309479646
128,128,MAR,ESP,B3,B2,-0.8134152877573267
129,129,IRN,ESP,B4,B2,-0.29132145473496096
130,130,FRA,ESP,C1,B2,0.29922188481192835
131,131,AUS,ESP,C2,B2,-0.915812813536859
132,132,PER,ESP,C3,B2,-0.3037277332969908
133,133,DEN,ESP,C4,B2,-0.06332720120884239
134,134,ARG,ESP,D1,B2,0.21132165615248932
135,135,ISL,ESP,D2,B2,0.11040107818297695
136,136,CRO,ESP,D3,B2,0.15629386091667619
137,137,NGA,ESP,D4,B2,-1.1735226794374698
138,138,BRA,ESP,E1,B2,0.4266955380204609
139,139,SUI,ESP,E2,B2,0.11928015719107976
140,140,CRC,ESP,E3,B2,-0.6654495158838486
141,141,SRB,ESP,E4,B2,-0.25085730605556433
142,142,GER,ESP,F1,B2,0.7628230173513222
143,143,SWE,ESP,F2,B2,0.32037305179192344
144,144,MEX,ESP,F3,B2,-0.7815375642773567
145,145,KOR,ESP,F4,B2,-0.7436852513866976
146,146,BEL,ESP,G1,B2,0.3452212120118795
147,147,PAN,ESP,G2,B2,-0.9154160099530486
148,148,TUN,ESP,G3,B2,-1.3187831691698197
149,149,ENG,ESP,G4,B2,0.11624573632139668
150,150,POL,ESP,H1,B2,-0.07847045381296813
151,151,SEN,ESP,H2,B2,-0.6447575664831238
152,152,COL,ESP,H3,B2,-0.15541723458899703
153,153,JPN,ESP,H4,B2,-1.073270533333813
154,154,KSA,ESP,A2,B2,-1.0342226744768623
155,155,RUS,MAR,A1,B3,0.5160279326742188
156,156,EGY,MAR,A3,B3,0.023696314694127363
157,157,URU,MAR,A4,B3,1.1708966205275027
158,158,POR,MAR,B1,B3,1.550148504112459
159,159,ESP,MAR,B2,B3,1.4701873383885133
160,160,IRN,MAR,B4,B3,0.7109902326878847
161,161,FRA,MAR,C1,B3,1.3968902666564427
162,162,AUS,MAR,C2,B3,0.23769929173534
163,163,PER,MAR,C3,B3,0.9629217477718224
164,164,DEN,MAR,C4,B3,0.7993976118657771
165,165,ARG,MAR,D1,B3,1.4369399931017885
166,166,ISL,MAR,D2,B3,1.1114791641861599
167,167,CRO,MAR,D3,B3,1.3819121978659776
168,168,NGA,MAR,D4,B3,-0.19538268571278206
169,169,BRA,MAR,E1,B3,1.4786940525254408
170,170,SUI,MAR,E2,B3,1.170346424345515
171,171,CRC,MAR,E3,B3,0.2743142765853055
172,172,SRB,MAR,E4,B3,0.6353378289045684
173,173,GER,MAR,F1,B3,1.6040048756554506
174,174,SWE,MAR,F2,B3,1.327130254561279
175,175,MEX,MAR,F3,B3,0.26437155689643976
176,176,KOR,MAR,F4,B3,0.2728924065657258
177,177,BEL,MAR,G1,B3,1.5362928285762454
178,178,PAN,MAR,G2,B3,0.08091443969024348
179,179,TUN,MAR,G3,B3,-0.4272294268086918
180,180,ENG,MAR,G4,B3,1.2811552358632232
181,181,POL,MAR,H1,B3,0.9541828027747354
182,182,SEN,MAR,H2,B3,0.35157288316016855
183,183,COL,MAR,H3,B3,1.0379477949272768
184,184,JPN,MAR,H4,B3,0.009262854705790469
185,185,KSA,MAR,A2,B3,-0.03789222483357024
186,186,RUS,IRN,A1,B4,0.39620454652186565
187,187,EGY,IRN,A3,B4,-0.031525032657235275
188,188,URU,IRN,A4,B4,1.159745565325697
189,189,POR,IRN,B1,B4,1.4515529546322572
190,190,ESP,IRN,B2,B4,1.35036395223616
191,191,MAR,IRN,B3,B4,0.10685010978134568
192,192,FRA,IRN,C1,B4,1.2770668805040883
193,193,AUS,IRN,C2,B4,0.22821565586323156
194,194,PER,IRN,C3,B4,0.9989667886258029
195,195,DEN,IRN,C4,B4,0.6795742257134243
196,196,ARG,IRN,D1,B4,1.3647053629131944
197,197,ISL,IRN,D2,B4,0.9916557780338064
198,198,CRO,IRN,D3,B4,1.2131208335800325
199,199,NGA,IRN,D4,B4,-0.31520607186513483
200,200,BRA,IRN,E1,B4,1.4992576949609075
201,201,SUI,IRN,E2,B4,1.0505230381931614
202,202,CRC,IRN,E3,B4,0.15449089043295228
203,203,SRB,IRN,E4,B4,0.5155144427522145
204,204,GER,IRN,F1,B4,1.5669032509917677
205,205,SWE,IRN,F2,B4,1.2073068684089256
206,206,MEX,IRN,F3,B4,0.3004165977504193
207,207,KOR,IRN,F4,B4,0.1898301003419336
208,208,BEL,IRN,G1,B4,1.402048184675235
209,209,PAN,IRN,G2,B4,-0.038908946462109795
210,210,TUN,IRN,G3,B4,-0.4164649661266411
211,211,ENG,IRN,G4,B4,1.13285398274895
212,212,POL,IRN,H1,B4,0.834359416622382
213,213,SEN,IRN,H2,B4,0.2317494970078151
214,214,COL,IRN,H3,B4,1.0268496474903457
215,215,JPN,IRN,H4,B4,-0.06805250571797894
216,216,KSA,IRN,A2,B4,-0.06348613015764681
217,217,RUS,FRA,A1,C1,-0.6283544167153945
218,218,EGY,FRA,A3,C1,-1.087305214553318
219,219,URU,FRA,A4,C1,-0.09691111822266252
220,220,POR,FRA,B1,C1,0.4355774263541906
221,221,ESP,FRA,B2,C1,0.3591858091410681
222,222,MAR,FRA,B3,C1,-0.9280863673614803
223,223,IRN,FRA,B4,C1,-0.40001129655956047
224,224,AUS,FRA,C2,C1,-0.8991789162429401
225,225,PER,FRA,C3,C1,-0.29706331288399157
226,226,DEN,FRA,C4,C1,-0.2954511555756984
227,227,ARG,FRA,D1,C1,0.22795555344640894
228,228,ISL,FRA,D2,C1,-0.01984796335526201
229,229,CRO,FRA,D3,C1,0.17292775821059592
230,230,NGA,FRA,D4,C1,-1.3063842149602265
231,231,BRA,FRA,E1,C1,0.3676925232779962
232,232,SUI,FRA,E2,C1,0.05934489509807017
233,233,CRC,FRA,E3,C1,-0.8366872526621394
234,234,SRB,FRA,E4,C1,-0.4702517253713795
235,235,GER,FRA,F1,C1,0.5757251078966754
236,236,SWE,FRA,F2,C1,0.2161287253138332
237,237,MEX,FRA,F3,C1,-0.8962086438815107
238,238,KOR,FRA,F4,C1,-0.8381091226817201
239,239,BEL,FRA,G1,C1,0.36185510930579845
240,240,PAN,FRA,G2,C1,-1.030087089557202
241,241,TUN,FRA,G3,C1,-1.538230956056137
242,242,ENG,FRA,G4,C1,0.09266090737951282
243,243,POL,FRA,H1,C1,-0.19570076404902292
244,244,SEN,FRA,H2,C1,-0.759428646087277
245,245,COL,FRA,H3,C1,-0.1387833372950783
246,246,JPN,FRA,H4,C1,-1.101738674541655
247,247,KSA,FRA,A2,C1,-1.1488937540810165
248,248,RUS,AUS,A1,C2,0.6875079358428309
249,249,EGY,AUS,A3,C2,0.1965653465760775
250,250,URU,AUS,A4,C2,1.370525629833324
251,251,POR,AUS,B1,C2,1.7280596708371285
252,252,ESP,AUS,B2,C2,1.6430563702704628
253,253,MAR,AUS,B3,C2,0.35578419376791415
254,254,IRN,AUS,B4,C2,0.8838592645698344
255,255,FRA,AUS,C1,C2,1.5697592985383917
256,256,PER,AUS,C3,C2,1.2267699939789432
257,257,DEN,AUS,C4,C2,0.9722666437477261
258,258,ARG,AUS,D1,C2,1.5754854274208219
259,259,ISL,AUS,D2,C2,1.2843481960681091
260,260,CRO,AUS,D3,C2,1.4887901107688228
261,261,NGA,AUS,D4,C2,-0.022513653830832148
262,262,BRA,AUS,E1,C2,1.727060900314048
263,263,SUI,AUS,E2,C2,1.343215456227464
264,264,CRC,AUS,E3,C2,0.4471833084672545
265,265,SRB,AUS,E4,C2,0.8082068607865176
266,266,GER,AUS,F1,C2,1.7819160423801201
267,267,SWE,AUS,F2,C2,1.4999992864432286
268,268,MEX,AUS,F3,C2,0.5282198031035601
269,269,KOR,AUS,F4,C2,0.44576143844767446
270,270,BEL,AUS,G1,C2,1.6686992857689469
271,271,PAN,AUS,G2,C2,0.2537834715721927
272,272,TUN,AUS,G3,C2,-0.18866176077350155
273,273,ENG,AUS,G4,C2,1.4085232599377386
274,274,POL,AUS,H1,C2,1.120161588509202
275,275,SEN,AUS,H2,C2,0.5244419150421185
276,276,COL,AUS,H3,C2,1.2376297119979731
277,277,JPN,AUS,H4,C2,0.18213188658773882
278,278,KSA,AUS,A2,C2,0.16431707519549288
279,279,RUS,PER,A1,C3,-0.5244022718448189
280,280,EGY,PER,A3,C3,-1.0167338898249096
281,281,URU,PER,A4,C3,0.0698712348358752
282,282,POR,PER,B1,C3,0.5309461362655723
283,283,ESP,PER,B2,C3,0.42975713386947567
284,284,MAR,PER,B3,C3,-0.8575150426330724
285,285,IRN,PER,B4,C3,-0.3294399718311528
286,286,FRA,PER,C1,C3,0.3564600621374048
287,287,AUS,PER,C2,C3,-0.802730912783697
288,288,DEN,PER,C4,C3,-0.2410325926532606
289,289,ARG,PER,D1,C3,0.4372127983991194
290,290,ISL,PER,D2,C3,0.0710489596671221
291,291,CRO,PER,D3,C3,0.3451686516273371
292,292,NGA,PER,D4,C3,-1.2358128902318195
293,293,BRA,PER,E1,C3,0.4382638480064036
294,294,SUI,PER,E2,C3,0.12991621982647772
295,295,CRC,PER,E3,C3,-0.7661159279337323
296,296,SRB,PER,E4,C3,-0.4050923756144703
297,297,GER,PER,F1,C3,0.6462964326250833
298,298,SWE,PER,F2,C3,0.2867000500422411
299,299,MEX,PER,F3,C3,-0.8256373191531021
300,300,KOR,PER,F4,C3,-0.7675377979533113
301,301,BEL,PER,G1,C3,0.5099229349950045
302,302,PAN,PER,G2,C3,-0.9595157648287941
303,303,TUN,PER,G3,C3,-1.4676596313277295
304,304,ENG,PER,G4,C3,0.24072503134418577
305,305,POL,PER,H1,C3,-0.08624740174430223
306,306,SEN,PER,H2,C3,-0.6888573213588691
307,307,COL,PER,H3,C3,-0.0024824095917608258
308,308,JPN,PER,H4,C3,-1.0311673498132468
309,309,KSA,PER,A2,C3,-1.0783224293526077
310,310,RUS,DEN,A1,C4,-0.5650299133272374
311,311,EGY,DEN,A3,C4,-0.8446574412967435
312,312,URU,DEN,A4,C4,-0.033586614834506645
313,313,POR,DEN,B1,C4,0.5511952227913159
314,314,ESP,DEN,B2,C4,0.6119669991485643
315,315,MAR,DEN,B3,C4,-0.6854385941049064
316,316,IRN,DEN,B4,C4,-0.21136305405288497
317,317,FRA,DEN,C1,C4,0.3740812766552797
318,318,AUS,DEN,C2,C4,-0.8358544128547822
319,319,PER,DEN,C3,C4,-0.22376933261491483
320,320,ARG,DEN,D1,C4,0.2912800568345657
321,321,ISL,DEN,D2,C4,0.1852604700263285
322,322,CRO,DEN,D3,C4,0.2362522615987529
323,323,NGA,DEN,D4,C4,-1.0506449946237728
324,324,BRA,DEN,E1,C4,0.5066539387025366
325,325,SUI,DEN,E2,C4,0.19413954903443154
326,326,CRC,DEN,E3,C4,-0.5425718310701522
327,327,SRB,DEN,E4,C4,-0.17599791421221322
328,328,GER,DEN,F1,C4,0.7945173761635442
329,329,SWE,DEN,F2,C4,0.39523244363527454
330,330,MEX,DEN,F3,C4,-0.6535608706249358
331,331,KOR,DEN,F4,C4,-0.6637268507046215
332,332,BEL,DEN,G1,C4,0.4251796126939552
333,333,PAN,DEN,G2,C4,-0.7874393163006278
334,334,TUN,DEN,G3,C4,-1.1959054843561228
335,335,ENG,DEN,G4,C4,0.19110512816474845
336,336,POL,DEN,H1,C4,-0.0036110619696168023
337,337,SEN,DEN,H2,C4,-0.5167808728307026
338,338,COL,DEN,H3,C4,-0.0754588339069211
339,339,JPN,DEN,H4,C4,-0.9933121326517367
340,340,KSA,DEN,A2,C4,-0.9062459808244414
341,341,RUS,ARG,A1,D1,-0.5974780105563551
342,342,EGY,ARG,A3,D1,-1.0898096285364463
343,343,URU,ARG,A4,D1,-0.003204503875661069
344,344,POR,ARG,B1,D1,0.45787039755403547
345,345,ESP,ARG,B2,D1,0.35668139515793973
346,346,MAR,ARG,B3,D1,-0.9305907813446088
347,347,IRN,ARG,B4,D1,-0.4025157105426889
348,348,FRA,ARG,C1,D1,0.2833843234258677
349,349,AUS,ARG,C2,D1,-0.8758066514952338
350,350,PER,ARG,C3,D1,-0.29956772686711997
351,351,DEN,ARG,C4,D1,-0.31410833136479627
352,352,ISL,ARG,D2,D1,-0.002026779044414617
353,353,CRO,ARG,D3,D1,0.2720929129157996
354,354,NGA,ARG,D4,D1,-1.3088886289433557
355,355,BRA,ARG,E1,D1,0.3651881092948681
356,356,SUI,ARG,E2,D1,0.056840481114941666
357,357,CRC,ARG,E3,D1,-0.8391916666452685
358,358,SRB,ARG,E4,D1,-0.47816811432600603
359,359,GER,ARG,F1,D1,0.5732206939135471
360,360,SWE,ARG,F2,D1,0.21362431133070425
361,361,MEX,ARG,F3,D1,-0.8987130578646385
362,362,KOR,ARG,F4,D1,-0.8406135366648473
363,363,BEL,ARG,G1,D1,0.4368471962834679
364,364,PAN,ARG,G2,D1,-1.0325915035403308
365,365,TUN,ARG,G3,D1,-1.5407353700392659
366,366,ENG,ARG,G4,D1,0.1676492926326486
367,367,POL,ARG,H1,D1,-0.15932314045583817
368,368,SEN,ARG,H2,D1,-0.7619330600704057
369,369,COL,ARG,H3,D1,-0.07555814830329632
370,370,JPN,ARG,H4,D1,-1.1042430885247838
371,371,KSA,ARG,A2,D1,-1.1513981680641443
372,372,RUS,ISL,A1,D2,-0.5847587953969027
373,373,EGY,ISL,A3,D2,-0.8221739570794724
374,374,URU,ISL,A4,D2,-0.053315496904171034
375,375,POR,ISL,B1,D2,0.4179539242594844
376,376,ESP,ISL,B2,D2,0.5967202708325181
377,377,MAR,ISL,B3,D2,-0.6629551098876348
378,378,IRN,ISL,B4,D2,-0.23109193612254997
379,379,FRA,ISL,C1,D2,0.32258540963173055
380,380,AUS,ISL,C2,D2,-0.8555832949244488
381,381,PER,ISL,C3,D2,-0.24349821468458088
382,382,DEN,ISL,C4,D2,-0.17958972539157886
383,383,ARG,ISL,D1,D2,0.2715511747649003
384,384,CRO,ISL,D3,D2,0.21652337952908707
385,385,NGA,ISL,D4,D2,-1.041252957486381
386,386,BRA,ISL,E1,D2,0.4869250566328718
387,387,SUI,ISL,E2,D2,0.13931808919167088
388,388,CRC,ISL,E3,D2,-0.5715559951882938
389,389,SRB,ISL,E4,D2,-0.3563790434038292
390,390,GER,ISL,F1,D2,0.6427448930308288
391,391,SWE,ISL,F2,D2,0.2885576559160392
392,392,MEX,ISL,F3,D2,-0.6310773864076646
393,393,KOR,ISL,F4,D2,-0.6834557327742862
394,394,BEL,ISL,G1,D2,0.351399132945446
395,395,PAN,ISL,G2,D2,-0.764955832083356
396,396,TUN,ISL,G3,D2,-1.2730996985822909
397,397,ENG,ISL,G4,D2,0.13625652869800442
398,398,POL,ISL,H1,D2,-0.15210514273053205
399,399,SEN,ISL,H2,D2,-0.4942973886134313
400,400,COL,ISL,H3,D2,-0.09518771597658648
401,401,JPN,ISL,H4,D2,-1.0130410147214028
402,402,KSA,ISL,A2,D2,-0.9133878423630817
403,403,RUS,CRO,A1,D3,-0.6142315702972487
404,404,EGY,CRO,A3,D3,-1.1065631882773412
405,405,URU,CRO,A4,D3,-0.019958063616556165
406,406,POR,CRO,B1,D3,0.44111683781314137
407,407,ESP,CRO,B2,D3,0.33992783541704463
408,408,MAR,CRO,B3,D3,-0.9473443410855037
409,409,IRN,CRO,B4,D3,-0.41926927028358385
410,410,FRA,CRO,C1,D3,0.2666307636849743
411,411,AUS,CRO,C2,D3,-0.892560211236128
412,412,PER,CRO,C3,D3,-0.23990065434225138
413,413,DEN,CRO,C4,D3,-0.3308618911056911
414,414,ARG,CRO,D1,D3,0.33010022709412834
415,415,ISL,CRO,D2,D3,-0.018780338785308548
416,416,NGA,CRO,D4,D3,-1.3256421886842493
417,417,BRA,CRO,E1,D3,0.34843454955397357
418,418,SUI,CRO,E2,D3,0.040086921374047346
419,419,CRC,CRO,E3,D3,-0.8559452263861623
420,420,SRB,CRO,E4,D3,-0.4949216740669003
421,421,GER,CRO,F1,D3,0.5564671341726528
422,422,SWE,CRO,F2,D3,0.19687075158981016
423,423,MEX,CRO,F3,D3,-0.9154666176055333
424,424,KOR,CRO,F4,D3,-0.8573670964057424
425,425,BEL,CRO,G1,D3,0.42009363654257426
426,426,PAN,CRO,G2,D3,-1.0493450632812253
427,427,TUN,CRO,G3,D3,-1.55748892978016
428,428,ENG,CRO,G4,D3,0.1508957328917545
429,429,POL,CRO,H1,D3,-0.17607670019673205
430,430,SEN,CRO,H2,D3,-0.7786866198113003
431,431,COL,CRO,H3,D3,-0.09231170804419153
432,432,JPN,CRO,H4,D3,-1.1209966482656775
433,433,KSA,CRO,A2,D3,-1.1681517278050386
434,434,RUS,NGA,A1,D4,0.6361487322677144
435,435,EGY,NGA,A3,D4,0.14381711428762356
436,436,URU,NGA,A4,D4,1.3026450171584412
437,437,POR,NGA,B1,D4,1.5867123856099
438,438,ESP,NGA,B2,D4,1.5443298446691824
439,439,MAR,NGA,B3,D4,0.3030359614794603
440,440,IRN,NGA,B4,D4,0.8311110322813813
441,441,FRA,NGA,C1,D4,1.517011066249939
442,442,AUS,NGA,C2,D4,0.3578200913288361
443,443,PER,NGA,C3,D4,1.0946701444027622
444,444,DEN,NGA,C4,D4,0.9195184114592725
445,445,ARG,NGA,D1,D4,1.597763802511654
446,446,ISL,NGA,D2,D4,1.2315999637796557
447,447,CRO,NGA,D3,D4,1.50571965573987
448,448,BRA,NGA,E1,D4,1.5988148521189371
449,449,SUI,NGA,E2,D4,1.290467223939011
450,450,CRC,NGA,E3,D4,0.3944350761788016
451,451,SRB,NGA,E4,D4,0.7554586284980638
452,452,GER,NGA,F1,D4,1.6405687571528924
453,453,SWE,NGA,F2,D4,1.4472510541547747
454,454,MEX,NGA,F3,D4,0.39611995352737916
455,455,KOR,NGA,F4,D4,0.3930132061592213
456,456,BEL,NGA,G1,D4,1.5728567100736868
457,457,PAN,NGA,G2,D4,0.20103523928373956
458,458,TUN,NGA,G3,D4,-0.3071086272151968
459,459,ENG,NGA,G4,D4,1.4012760354567193
460,460,POL,NGA,H1,D4,1.0743036023682309
461,461,SEN,NGA,H2,D4,0.47169368275366463
462,462,COL,NGA,H3,D4,1.1580685945207734
463,463,JPN,NGA,H4,D4,0.12938365429928544
464,464,KSA,NGA,A2,D4,0.08222857475992473
465,465,RUS,BRA,A1,E1,-1.1119389921930078
466,466,EGY,BRA,A3,E1,-1.6042706101730992
467,467,URU,BRA,A4,E1,-0.48655800605203303
468,468,POR,BRA,B1,E1,-0.05659058408261758
469,469,ESP,BRA,B2,E1,-0.15777958647871376
470,470,MAR,BRA,B3,E1,-1.4450517629812618
471,471,IRN,BRA,B4,E1,-0.9169766921793423
472,472,FRA,BRA,C1,E1,-0.2310766582107856
473,473,AUS,BRA,C2,E1,-1.3902676331318866
474,474,PER,BRA,C3,E1,-0.6945328788077125
475,475,DEN,BRA,C4,E1,-0.82856931300145
476,476,ARG,BRA,D1,E1,-0.15032392194906952
477,477,ISL,BRA,D2,E1,-0.5164877606810685
478,478,CRO,BRA,D3,E1,-0.24236806872085354
479,479,NGA,BRA,D4,E1,-1.8233496105800087
480,480,SUI,BRA,E2,E1,-0.45762050052171255
481,481,CRC,BRA,E3,E1,-1.3536526482819216
482,482,SRB,BRA,E4,E1,-0.99262909596266
483,483,GER,BRA,F1,E1,0.058759712276894804
484,484,SWE,BRA,F2,E1,-0.30083667030594907
485,485,MEX,BRA,F3,E1,-1.3930830696830958
486,486,KOR,BRA,F4,E1,-1.3550745183015014
487,487,BEL,BRA,G1,E1,-0.07761378535318514
488,488,PAN,BRA,G2,E1,-1.5470524851769838
489,489,TUN,BRA,G3,E1,-2.0551963516759186
490,490,ENG,BRA,G4,E1,-0.34681168900400494
491,491,POL,BRA,H1,E1,-0.6737841220924923
492,492,SEN,BRA,H2,E1,-1.2763940417070594
493,493,COL,BRA,H3,E1,-0.59001912993995
494,494,JPN,BRA,H4,E1,-1.6187040701614368
495,495,KSA,BRA,A2,E1,-1.6658591497007977
496,496,RUS,SUI,A1,E2,-0.5093929593403099
497,497,EGY,SUI,A3,E2,-0.92895126223471
498,498,URU,SUI,A4,E2,0.022050339152421494
499,499,POR,SUI,B1,E2,0.5545388837292742
500,500,ESP,SUI,B2,E2,0.517539761459676
501,501,MAR,SUI,B3,E2,-0.7697324150428727
502,502,IRN,SUI,B4,E2,-0.24165734424095286
503,503,FRA,SUI,C1,E2,0.3979512456883234
504,504,AUS,SUI,C2,E2,-0.7802174588678559
505,505,PER,SUI,C3,E2,-0.16813237862798736
506,506,DEN,SUI,C4,E2,-0.15324996506305982
507,507,ARG,SUI,D1,E2,0.34691701082149295
508,508,ISL,SUI,D2,E2,0.09911349401982195
509,509,CRO,SUI,D3,E2,0.2918892155856798
510,510,NGA,SUI,D4,E2,-1.1480302626416188
511,511,BRA,SUI,E1,E2,0.5260464755966043
512,512,CRC,SUI,E3,E2,-0.6783333003435316
513,513,SRB,SUI,E4,E2,-0.31730974802426976
514,514,GER,SUI,F1,E2,0.6762169893980288
515,515,SWE,SUI,F2,E2,0.3639234919726314
516,516,MEX,SUI,F3,E2,-0.737854691562903
517,517,KOR,SUI,F4,E2,-0.6797551703631115
518,518,BEL,SUI,G1,E2,0.4808165666808826
519,519,PAN,SUI,G2,E2,-0.8717331372385941
520,520,TUN,SUI,G3,E2,-1.3798770037375292
521,521,ENG,SUI,G4,E2,0.21162236475459673
522,522,POL,SUI,H1,E2,-0.07673930667393847
523,523,SEN,SUI,H2,E2,-0.6010746937686693
524,524,COL,SUI,H3,E2,-0.01982187991999451
525,525,JPN,SUI,H4,E2,-0.9433847222230469
526,526,KSA,SUI,A2,E2,-0.9905398017624081
527,527,RUS,CRC,A1,E3,0.852956054959005
528,528,EGY,CRC,A3,E3,0.45037232863152465
529,529,URU,CRC,A4,E3,1.6888390226702423
530,530,POR,CRC,B1,E3,1.6529857597994067
531,531,ESP,CRC,B2,E3,1.6504196316152422
532,532,MAR,CRC,B3,E3,0.5887474710701055
533,533,IRN,CRC,B4,E3,1.0479183549726718
534,534,FRA,CRC,C1,E3,1.6996866141588503
535,535,AUS,CRC,C2,E3,0.7101130171519918
536,536,PER,CRC,C3,E3,1.4808641499145616
537,537,DEN,CRC,C4,E3,1.1363257341505637
538,538,ARG,CRC,D1,E3,1.936273712151912
539,539,ISL,CRC,D2,E3,1.448407286470946
540,540,CRO,CRC,D3,E3,1.6645910527893037
541,541,NGA,CRC,D4,E3,0.14788202671961082
542,542,BRA,CRC,E1,E3,1.9811550562496674
543,543,SUI,CRC,E2,E3,1.5072745466303008
544,544,SRB,CRC,E4,E3,0.9722659511893539
545,545,GER,CRC,F1,E3,1.7351934716737132
546,546,SWE,CRC,F2,E3,1.6640583768460644
547,547,MEX,CRC,F3,E3,0.7823139590391788
548,548,KOR,CRC,F4,E3,0.6717274616306932
549,549,BEL,CRC,G1,E3,1.6391300842631926
550,550,PAN,CRC,G2,E3,0.4178425619750298
551,551,TUN,CRC,G3,E3,0.06543239516211852
552,552,ENG,CRC,G4,E3,1.6180833581480094
553,553,POL,CRC,H1,E3,1.2911109250595212
554,554,SEN,CRC,H2,E3,0.6885010054449545
555,555,COL,CRC,H3,E3,1.5254616794796707
556,556,JPN,CRC,H4,E3,0.4138448555707812
557,557,KSA,CRC,A2,E3,0.41841123113111345
558,558,RUS,SRB,A1,E4,-0.19186499439001548
559,559,EGY,SRB,A3,E4,-0.6327003743593302
560,560,URU,SRB,A4,E4,0.3395783041027156
561,561,POR,SRB,B1,E4,0.7108970718733991
562,562,ESP,SRB,B2,E4,0.7620906557454485
563,563,MAR,SRB,B3,E4,-0.47348152716749287
564,564,IRN,SRB,B4,E4,0.05459354363442703
565,565,FRA,SRB,C1,E4,0.7154792106386185
566,566,AUS,SRB,C2,E4,-0.4626894939175613
567,567,PER,SRB,C3,E4,0.14939558632230687
568,568,DEN,SRB,C4,E4,0.1430009228123198
569,569,ARG,SRB,D1,E4,0.6644449757717876
570,570,ISL,SRB,D2,E4,0.4166414589701166
571,571,CRO,SRB,D3,E4,0.5928007982654033
572,572,NGA,SRB,D4,E4,-0.8517793747662388
573,573,BRA,SRB,E1,E4,0.8222973634719841
574,574,SUI,SRB,E2,E4,0.5139497352920581
575,575,CRC,SRB,E3,E4,-0.3820824124681518
576,576,GER,SRB,F1,E4,0.8468644958039189
577,577,SWE,SRB,F2,E4,0.6707335655078213
578,578,MEX,SRB,F3,E4,-0.4416038036875226
579,579,KOR,SRB,F4,E4,-0.3835042824877315
580,580,BEL,SRB,G1,E4,0.6375159307781841
581,581,PAN,SRB,G2,E4,-0.5754822493632143
582,582,TUN,SRB,G3,E4,-1.083626115862149
583,583,ENG,SRB,G4,E4,0.529150329704891
584,584,POL,SRB,H1,E4,0.2407886582763552
585,585,SEN,SRB,H2,E4,-0.30482380589328945
586,586,COL,SRB,H3,E4,0.2977060850303008
587,587,JPN,SRB,H4,E4,-0.6471338343476669
588,588,KSA,SRB,A2,E4,-0.6942889138870281
589,589,RUS,GER,A1,F1,-0.7933772151564815
590,590,EGY,GER,A3,F1,-1.1210251510504952
591,591,URU,GER,A4,F1,-0.2619339166637499
592,592,POR,GER,B1,F1,0.27055462791310314
593,593,ESP,GER,B2,F1,0.3254658726438906
594,594,MAR,GER,B3,F1,-0.9618063038586584
595,595,IRN,GER,B4,F1,-0.43971035588212903
596,596,FRA,GER,C1,F1,0.11396698987215259
597,597,AUS,GER,C2,F1,-1.0642017146840275
598,598,PER,GER,C3,F1,-0.4521166344441587
599,599,DEN,GER,C4,F1,-0.30801630650949785
600,600,ARG,GER,D1,F1,0.06293275500532192
601,601,ISL,GER,D2,F1,-0.13428802711767895
602,602,CRO,GER,D3,F1,0.00790495976950889
603,603,NGA,GER,D4,F1,-1.3401041514574041
604,604,BRA,GER,E1,F1,0.27830663687329316
605,605,SUI,GER,E2,F1,-0.06930033056790796
606,606,CRC,GER,E3,F1,-0.8704071891593173
607,607,SRB,GER,E4,F1,-0.4955464113562198
608,608,SWE,GER,F2,F1,0.07993923615646059
609,609,MEX,GER,F3,F1,-0.9299285803786881
610,610,KOR,GER,F4,F1,-0.8920741525338655
611,611,BEL,GER,G1,F1,0.19683231086471165
612,612,PAN,GER,G2,F1,-1.0638070260543797
613,613,TUN,GER,G3,F1,-1.5634743894246395
614,614,ENG,GER,G4,F1,-0.07236189106157492
615,615,POL,GER,H1,F1,-0.3231595591136245
616,616,SEN,GER,H2,F1,-0.7931485825844544
617,617,COL,GER,H3,F1,-0.30380613573616566
618,618,JPN,GER,H4,F1,-1.2216594344809817
619,619,KSA,GER,A2,F1,-1.1826136905781937
620,620,RUS,SWE,A1,F2,-0.460854201307077
621,621,EGY,SWE,A3,F2,-0.8194757255700218
622,622,URU,SWE,A4,F2,0.07058909718565354
623,623,POR,SWE,B1,F2,0.5617392861764727
624,624,ESP,SWE,B2,F2,0.6270152981243642
625,625,MAR,SWE,B3,F2,-0.660256878378184
626,626,IRN,SWE,B4,F2,-0.1321818075762649
627,627,FRA,SWE,C1,F2,0.44649000372155645
628,628,AUS,SWE,C2,F2,-0.731678700834623
629,629,PER,SWE,C3,F2,-0.11959362059475542
630,630,DEN,SWE,C4,F2,0.018582240626066948
631,631,ARG,SWE,D1,F2,0.3954557688547252
632,632,ISL,SWE,D2,F2,0.19231052001788673
633,633,CRO,SWE,D3,F2,0.3404279736189124
634,634,NGA,SWE,D4,F2,-1.0385547259769308
635,635,BRA,SWE,E1,F2,0.6108296507226969
636,636,SUI,SWE,E2,F2,0.2632226832814961
637,637,CRC,SWE,E3,F2,-0.5688577636788436
638,638,SRB,SWE,E4,F2,-0.16894786422065455
639,639,GER,SWE,F1,F2,0.7407223164774179
640,640,MEX,SWE,F3,F2,-0.6283791548982143
641,641,KOR,SWE,F4,F2,-0.5702796336984234
642,642,BEL,SWE,G1,F2,0.4951844948624342
643,643,PAN,SWE,G2,F2,-0.7622576005739057
644,644,TUN,SWE,G3,F2,-1.267849430658003
645,645,ENG,SWE,G4,F2,0.2601611227878289
646,646,POL,SWE,H1,F2,0.003438988021941425
647,647,SEN,SWE,H2,F2,-0.4915991571039808
648,648,COL,SWE,H3,F2,0.028716878113238753
649,649,JPN,SWE,H4,F2,-0.8891364206315768
650,650,KSA,SWE,A2,F2,-0.8810642650977196
651,651,RUS,MEX,A1,F3,0.43873682237117684
652,652,EGY,MEX,A3,F3,-0.05359479560891489
653,653,URU,MEX,A4,F3,1.1749470755580138
654,654,POR,MEX,B1,F3,1.4940852304815677
655,655,ESP,MEX,B2,F3,1.3928962280854709
656,656,MAR,MEX,B3,F3,0.10562405158292165
657,657,IRN,MEX,B4,F3,0.6336991223848423
658,658,FRA,MEX,C1,F3,1.3195991563534
659,659,AUS,MEX,C2,F3,0.2000845200009851
660,660,PER,MEX,C3,F3,0.9708356527635553
661,661,DEN,MEX,C4,F3,0.722106501562735
662,662,ARG,MEX,D1,F3,1.3799068731455102
663,663,ISL,MEX,D2,F3,1.0341880538831172
664,664,CRO,MEX,D3,F3,1.2989857555239084
665,665,NGA,MEX,D4,F3,-0.27267379601582453
666,666,BRA,MEX,E1,F3,1.47112655909866
667,667,SUI,MEX,E2,F3,1.0930553140424728
668,668,CRC,MEX,E3,F3,0.19702316628226269
669,669,SRB,MEX,E4,F3,0.5580467186015252
670,670,GER,MEX,F1,F3,1.6094355268410796
671,671,SWE,MEX,F2,F3,1.2498391442582366
672,672,KOR,MEX,F4,F3,0.19560129626268374
673,673,BEL,MEX,G1,F3,1.4730620292110004
674,674,PAN,MEX,G2,F3,0.003623329387200891
675,675,TUN,MEX,G3,F3,-0.4445961019888879
676,676,ENG,MEX,G4,F3,1.2038641255601812
677,677,POL,MEX,H1,F3,0.876891692471693
678,678,SEN,MEX,H2,F3,0.2742817728571254
679,679,COL,MEX,H3,F3,1.015433182328663
680,680,JPN,MEX,H4,F3,-0.06802825559725145
681,681,KSA,MEX,A2,F3,-0.09161726601989317
682,682,RUS,KOR,A1,F4,0.6524873345311719
683,683,EGY,KOR,A3,F4,0.16685729313776498
684,684,URU,KOR,A4,F4,1.1987905040743123
685,685,POR,KOR,B1,F4,1.5914750341720487
686,686,ESP,KOR,B2,F4,1.5490924932313312
687,687,MAR,KOR,B3,F4,0.32607614032960197
688,688,IRN,KOR,B4,F4,0.8541512111315224
689,689,FRA,KOR,C1,F4,1.5400512451000803
690,690,AUS,KOR,C2,F4,0.38086027017897695
691,691,PER,KOR,C3,F4,1.0603474160932795
692,692,DEN,KOR,C4,F4,0.9425585903094147
693,693,ARG,KOR,D1,F4,1.5087973046929744
694,694,ISL,KOR,D2,F4,1.2546401426297975
695,695,CRO,KOR,D3,F4,1.4537695094571628
696,696,NGA,KOR,D4,F4,-0.0522217072691451
697,697,BRA,KOR,E1,F4,1.621855030969078
698,698,SUI,KOR,E2,F4,1.3135074027891522
699,699,CRC,KOR,E3,F4,0.41747525502894267
700,700,SRB,KOR,E4,F4,0.7784988073482051
701,701,GER,KOR,F1,F4,1.6453314057150408
702,702,SWE,KOR,F2,F4,1.4702912330049167
703,703,MEX,KOR,F3,F4,0.36179722521789626
704,704,BEL,KOR,G1,F4,1.526802101230519
705,705,PAN,KOR,G2,F4,0.22407541813388065
706,706,TUN,KOR,G3,F4,-0.2840684483650544
707,707,ENG,KOR,G4,F4,1.3735026586260783
708,708,POL,KOR,H1,F4,1.0851409871975415
709,709,SEN,KOR,H2,F4,0.4947338616038057
710,710,COL,KOR,H3,F4,1.142058413951488
711,711,JPN,KOR,H4,F4,0.15242383314942787
712,712,KSA,KOR,A2,F4,0.10526875361006638
713,713,RUS,BEL,A1,G1,-1.046398253583709
714,714,EGY,BEL,A3,G1,-1.2488488008414778
715,715,URU,BEL,A4,G1,-0.514954955090978
716,716,POR,BEL,B1,G1,0.1567661420571398
717,717,ESP,BEL,B2,G1,0.23456615087674804
718,718,MAR,BEL,B3,G1,-1.0243638666462995
719,719,IRN,BEL,B4,G1,-0.6927313943093572
720,720,FRA,BEL,C1,G1,-0.02034780407889558
721,721,AUS,BEL,C2,G1,-1.317222753111255
722,722,PER,BEL,C3,G1,-0.7051376728713865
723,723,DEN,BEL,C4,G1,-0.3828968900996661
724,724,ARG,BEL,D1,G1,-0.1900882834219066
725,725,ISL,BEL,D2,G1,-0.20916861070784765
726,726,CRO,BEL,D3,G1,-0.19057970104024213
727,727,NGA,BEL,D4,G1,-1.3026310076428702
728,728,BRA,BEL,E1,G1,0.02528559844606537
729,729,SUI,BEL,E2,G1,-0.20028953169974462
730,730,CRC,BEL,E3,G1,-0.8727859379554994
731,731,SRB,BEL,E4,G1,-0.5704269949463885
732,732,GER,BEL,F1,G1,0.4580855636078036
733,733,SWE,BEL,F2,G1,0.0008033629010986143
734,734,MEX,BEL,F3,G1,-1.079634993013491
735,735,KOR,BEL,F4,G1,-1.1450951909610936
736,736,PAN,BEL,G2,G1,-1.1257007098663934
737,737,TUN,BEL,G3,G1,-1.52239092401965
738,738,ENG,BEL,G4,G1,-0.20332395256942748
739,739,POL,BEL,H1,G1,-0.3980401427037923
740,740,SEN,BEL,H2,G1,-0.8665125975257388
741,741,COL,BEL,H3,G1,-0.556827174163393
742,742,JPN,BEL,H4,G1,-1.4634339329105346
743,743,KSA,BEL,A2,G1,-1.3543802479919473
744,744,RUS,PAN,A1,G2,1.1376329479924754
745,745,EGY,PAN,A3,G2,0.6453013300123844
746,746,URU,PAN,A4,G2,1.848259513829419
747,747,POR,PAN,B1,G2,1.8486443909739023
748,748,ESP,PAN,B2,G2,1.8569251717943667
749,749,MAR,PAN,B3,G2,0.8045201772042212
750,750,IRN,PAN,B4,G2,1.156111240120751
751,751,FRA,PAN,C1,G2,1.7862530176699254
752,752,AUS,PAN,C2,G2,0.8834470206943672
753,753,PER,PAN,C3,G2,1.6541981534569374
754,754,DEN,PAN,C4,G2,1.2536965671314366
755,755,ARG,PAN,D1,G2,2.0059111796369575
756,756,ISL,PAN,D2,G2,1.6027790473134647
757,757,CRO,PAN,D3,G2,1.7496418325152403
758,758,NGA,PAN,D4,G2,0.42622232960547535
759,759,BRA,PAN,E1,G2,2.082313253369947
760,760,SUI,PAN,E2,G2,1.6124973351534004
761,761,CRC,PAN,E3,G2,0.8959192919035635
762,762,SRB,PAN,E4,G2,1.2473916427338922
763,763,GER,PAN,F1,G2,1.9416990118528359
764,764,SWE,PAN,F2,G2,1.713931174734559
765,765,MEX,PAN,F3,G2,0.9556479625815546
766,766,KOR,PAN,F4,G2,0.8944974218839823
767,767,BEL,PAN,G1,G2,1.8279623656565098
768,768,TUN,PAN,G3,G2,0.238766398704494
769,769,ENG,PAN,G4,G2,1.6727732642697353
770,770,POL,PAN,H1,G2,1.325771162656204
771,771,SEN,PAN,H2,G2,0.9056427796241624
772,772,COL,PAN,H3,G2,1.6987956830220465
773,773,JPN,PAN,H4,G2,0.6308678700240469
774,774,KSA,PAN,A2,G2,0.5917452346734882
775,775,RUS,TUN,A1,G3,0.4646531996834127
776,776,EGY,TUN,A3,G3,0.05208528383339772
777,777,URU,TUN,A4,G3,1.290551977872116
778,778,POR,TUN,B1,G3,1.5200016077938039
779,779,ESP,TUN,B2,G3,1.4188126053977073
780,780,MAR,TUN,B3,G3,0.19046042627197857
781,781,IRN,TUN,B4,G3,0.6596154996970796
782,782,FRA,TUN,C1,G3,1.3455155336656368
783,783,AUS,TUN,C2,G3,0.311825972353865
784,784,PER,TUN,C3,G3,1.0825771051164361
785,785,DEN,TUN,C4,G3,0.748022878874971
786,786,ARG,TUN,D1,G3,1.5379866673537865
787,787,ISL,TUN,D2,G3,1.0601044311953536
788,788,CRO,TUN,D3,G3,1.3342241231555683
789,789,NGA,TUN,D4,G3,-0.24675741870358792
790,790,BRA,TUN,E1,G3,1.582868011451541
791,791,SUI,TUN,E2,G3,1.1189716913547088
792,792,CRC,TUN,E3,G3,0.2229395435944994
793,793,SRB,TUN,E4,G3,0.583963095913762
794,794,GER,TUN,F1,G3,1.6353519041533149
795,795,SWE,TUN,F2,G3,1.2757555215704732
796,796,MEX,TUN,F3,G3,0.3840269142410526
797,797,KOR,TUN,F4,G3,0.27344041683256703
798,798,BEL,TUN,G1,G3,1.4989784065232366
799,799,PAN,TUN,G2,G3,0.02953970669943784
800,800,ENG,TUN,G4,G3,1.2297805028724174
801,801,POL,TUN,H1,G3,0.9028080697839291
802,802,SEN,TUN,H2,G3,0.3001981501693629
803,803,COL,TUN,H3,G3,1.1271746346815439
804,804,JPN,TUN,H4,G3,0.015557810772654168
805,805,KSA,TUN,A2,G3,0.020124186332986183
806,806,RUS,ENG,A1,G4,-0.8033012214981248
807,807,EGY,ENG,A3,G4,-1.226546592392841
808,808,URU,ENG,A4,G4,-0.2718579230053936
809,809,POR,ENG,B1,G4,0.26063062157145966
810,810,ESP,ENG,B2,G4,0.21994443130154484
811,811,MAR,ENG,B3,G4,-1.0673277452010037
812,812,IRN,ENG,B4,G4,-0.539252674399084
813,813,FRA,ENG,C1,G4,0.104042983530509
814,814,AUS,ENG,C2,G4,-1.07412572102567
815,815,PER,ENG,C3,G4,-0.4620406407858021
816,816,DEN,ENG,C4,G4,-0.42563236397493864
817,817,ARG,ENG,D1,G4,0.053008748663677996
818,818,ISL,ENG,D2,G4,-0.1947947681379928
819,819,CRO,ENG,D3,G4,-0.0020190465721350304
820,820,NGA,ENG,D4,G4,-1.44562559279975
821,821,BRA,ENG,E1,G4,0.22845114543847267
822,822,SUI,ENG,E2,G4,-0.07989648274145289
823,823,CRC,ENG,E3,G4,-0.9759286305016628
824,824,SRB,ENG,E4,G4,-0.6004329337706193
825,825,GER,ENG,F1,G4,0.436483730057152
826,826,SWE,ENG,F2,G4,0.07001522981481667
827,827,MEX,ENG,F3,G4,-1.0354500217210332
828,828,KOR,ENG,F4,G4,-0.9773505005212422
829,829,BEL,ENG,G1,G4,0.1869083045230675
830,830,PAN,ENG,G2,G4,-1.1693284673967255
831,831,TUN,ENG,G3,G4,-1.6774723338956594
832,832,POL,ENG,H1,G4,-0.3706475688317539
833,833,SEN,ENG,H2,G4,-0.8986700239268003
834,834,COL,ENG,H3,G4,-0.3137301420778087
835,835,JPN,ENG,H4,G4,-1.2409800523811771
836,836,KSA,ENG,A2,G4,-1.2881351319205394
837,837,RUS,POL,A1,H1,-0.5655544837992459
838,838,EGY,POL,A3,H1,-1.0320850837319735
839,839,URU,POL,A4,H1,-0.03411118530651425
840,840,POR,POL,B1,H1,0.5409207174790174
841,841,ESP,POL,B2,H1,0.41478942187304413
842,842,MAR,POL,B3,H1,-0.8728662365401365
843,843,IRN,POL,B4,H1,-0.3447911657382162
844,844,FRA,POL,C1,H1,0.3631259183439348
845,845,AUS,POL,C2,H1,-0.8363789833267914
846,846,PER,POL,C3,H1,-0.24184318206264777
847,847,DEN,POL,C4,H1,-0.09474068744419073
848,848,ARG,POL,D1,H1,0.29075548636255744
849,849,ISL,POL,D2,H1,0.17498596471403016
850,850,CRO,POL,D3,H1,0.23572769112674385
851,851,NGA,POL,D4,H1,-1.2478225718992932
852,852,BRA,POL,E1,H1,0.4229126540993402
853,853,SUI,POL,E2,H1,0.13990766885221995
854,854,CRC,POL,E3,H1,-0.7397494083456723
855,855,SRB,POL,E4,H1,-0.2695412572398716
856,856,GER,POL,F1,H1,0.6885231248894985
857,857,SWE,POL,F2,H1,0.34854482694445765
858,858,MEX,POL,F3,H1,-0.8409885130601664
859,859,KOR,POL,F4,H1,-0.7828889918603754
860,860,BEL,POL,G1,H1,0.4246550422219465
861,861,PAN,POL,G2,H1,-0.9748669587358578
862,862,TUN,POL,G3,H1,-1.3930830616316432
863,863,ENG,POL,G4,H1,0.1808306228524501
864,864,SEN,POL,H2,H1,-0.7042085152659325
865,865,COL,POL,H3,H1,-0.07598340437892936
866,866,JPN,POL,H4,H1,-1.0465185437203108
867,867,KSA,POL,A2,H1,-1.093673623259672
868,868,RUS,SEN,A1,H2,0.2427135144503022
869,869,EGY,SEN,A3,H2,-0.061143705441338625
870,870,URU,SEN,A4,H2,0.9520832231395915
871,871,POR,SEN,B1,H2,1.3066453575198878
872,872,ESP,SEN,B2,H2,1.3592824774344212
873,873,MAR,SEN,B3,H2,0.07723143699724255
874,874,IRN,SEN,B4,H2,0.5963803737246554
875,875,FRA,SEN,C1,H2,1.1500577194789363
876,876,AUS,SEN,C2,H2,0.043691567220636274
877,877,PER,SEN,C3,H2,0.8502888555949619
878,878,DEN,SEN,C4,H2,0.6478825844556262
879,879,ARG,SEN,D1,H2,1.1570430207270885
880,880,ISL,SEN,D2,H2,0.8512199678104337
881,881,CRO,SEN,D3,H2,1.0439956893762927
882,882,NGA,SEN,D4,H2,-0.30628754666687397
883,883,BRA,SEN,E1,H2,1.4162471970855313
884,884,SUI,SEN,E2,H2,0.9667903990388753
885,885,CRC,SEN,E3,H2,0.16340941563121336
886,886,SRB,SEN,E4,H2,0.4710932664433749
887,887,GER,SEN,F1,H2,1.5758217761900304
888,888,SWE,SEN,F2,H2,1.1160299657632438
889,889,MEX,SEN,F3,H2,0.2707979249663166
890,890,KOR,SEN,F4,H2,0.1440165770729167
891,891,BEL,SEN,G1,H2,1.2329230404714946
892,892,PAN,SEN,G2,H2,-0.029990421263848654
893,893,TUN,SEN,G3,H2,-0.4460836389107443
894,894,ENG,SEN,G4,H2,0.9637288385452092
895,895,POL,SEN,H1,H2,0.6753671671166723
896,896,COL,SEN,H3,H2,0.8191873053042409
897,897,JPN,SEN,H4,H2,-0.1815978771279786
898,898,KSA,SEN,A2,H2,-0.09310480294175028
899,899,RUS,COL,A1,H3,-0.5525143268778843
900,900,EGY,COL,A3,H3,-1.0448459448579757
901,901,URU,COL,A4,H3,0.04175917980280852
902,902,POR,COL,B1,H3,0.5028340812325065
903,903,ESP,COL,B2,H3,0.40164507883640943
904,904,MAR,COL,B3,H3,-0.885627097666139
905,905,IRN,COL,B4,H3,-0.35755202686421916
906,906,FRA,COL,C1,H3,0.3283480071043384
907,907,AUS,COL,C2,H3,-0.8308429678167625
908,908,PER,COL,C3,H3,-0.23499900575528998
909,909,DEN,COL,C4,H3,-0.269144647686327
910,910,ARG,COL,D1,H3,0.40910074336605406
911,911,ISL,COL,D2,H3,0.04293690463405564
912,912,CRO,COL,D3,H3,0.31705659659427043
913,913,NGA,COL,D4,H3,-1.2639249452648857
914,914,BRA,COL,E1,H3,0.41015179297333737
915,915,SUI,COL,E2,H3,0.10180416479341137
916,916,CRC,COL,E3,H3,-0.7942279829667985
917,917,SRB,COL,E4,H3,-0.43320443064753617
918,918,GER,COL,F1,H3,0.6181843775920179
919,919,SWE,COL,F2,H3,0.2585879950091754
920,920,MEX,COL,F3,H3,-0.853749374186169
921,921,KOR,COL,F4,H3,-0.7956498529863771
922,922,BEL,COL,G1,H3,0.4818108799619394
923,923,PAN,COL,G2,H3,-0.98762781986186
924,924,TUN,COL,G3,H3,-1.495771686360795
925,925,ENG,COL,G4,H3,0.2126129763111193
926,926,POL,COL,H1,H3,-0.11435945677736853
927,927,SEN,COL,H2,H3,-0.7169693763919359
928,928,JPN,COL,H4,H3,-1.0592794048463126
929,929,KSA,COL,A2,H3,-1.106434484385674
930,930,RUS,JPN,A1,H4,0.289618220265464
931,931,EGY,JPN,A3,H4,-0.046889391936130176
932,932,URU,JPN,A4,H4,1.1113470484725474
933,933,POR,JPN,B1,H4,1.353550063335049
934,934,ESP,JPN,B2,H4,1.261177671421837
935,935,MAR,JPN,B3,H4,0.09148575050245
936,936,IRN,JPN,B4,H4,0.5019805657212077
937,937,FRA,JPN,C1,H4,1.1878805996897657
938,938,AUS,JPN,C2,H4,0.2029553925535914
939,939,PER,JPN,C3,H4,0.9836024293469081
940,940,DEN,JPN,C4,H4,0.5903879448991001
941,941,ARG,JPN,D1,H4,1.3163068460600447
942,942,ISL,JPN,D2,H4,0.9216730957461667
943,943,CRO,JPN,D3,H4,1.0909003951914555
944,944,NGA,JPN,D4,H4,-0.3493796938480436
945,945,BRA,JPN,E1,H4,1.4838933356820128
946,946,SUI,JPN,E2,H4,0.9613367573788385
947,947,CRC,JPN,E3,H4,0.09056725445411151
948,948,SRB,JPN,E4,H4,0.4263281619378916
949,949,GER,JPN,F1,H4,1.4777169701774442
950,950,SWE,JPN,F2,H4,1.1181205875946028
951,951,MEX,JPN,F3,H4,0.28505223847152483
952,952,KOR,JPN,F4,H4,0.1744657410630388
953,953,BEL,JPN,G1,H4,1.2798277462866572
954,954,PAN,JPN,G2,H4,-0.09786647208524513
955,955,TUN,JPN,G3,H4,-0.4318293254055363
956,956,ENG,JPN,G4,H4,1.0106335443603713
957,957,POL,JPN,H1,H4,0.7222718729318345
958,958,SEN,JPN,H2,H4,0.1425632161934921
959,959,COL,JPN,H3,H4,0.9784511306371961
960,960,KSA,JPN,A2,H4,-0.07885048943654194
961,961,EGY,RUS,A3,A1,-1.157466339563191
962,962,URU,RUS,A4,A1,-0.03137672039243
963,963,POR,RUS,B1,A1,0.39021368652729105
964,964,ESP,RUS,B2,A1,0.2890246841311952
965,965,MAR,RUS,B3,A1,-0.9982474923713542
966,966,IRN,RUS,B4,A1,-0.4701724215694342
967,967,FRA,RUS,C1,A1,0.21572761239912408
968,968,AUS,RUS,C2,A1,-0.9434633625219785
969,969,PER,RUS,C3,A1,-0.2393515931481104
970,970,DEN,RUS,C4,A1,-0.3817650423915425
971,971,ARG,RUS,D1,A1,0.2964803486608387
972,972,ISL,RUS,D2,A1,-0.06968349007115893
973,973,CRO,RUS,D3,A1,0.2044362018890542
974,974,NGA,RUS,D4,A1,-1.3765453399701009
975,975,BRA,RUS,E1,A1,0.2975313982681227
976,976,SUI,RUS,E2,A1,-0.010816229911802977
977,977,CRC,RUS,E3,A1,-0.9068483776720131
978,978,SRB,RUS,E4,A1,-0.5458248253527509
979,979,GER,RUS,F1,A1,0.5055639828868022
980,980,SWE,RUS,F2,A1,0.14596760030396005
981,981,MEX,RUS,F3,A1,-0.9379017840234924
982,982,KOR,RUS,F4,A1,-0.9082702476915929
983,983,BEL,RUS,G1,A1,0.3691904852567244
984,984,PAN,RUS,G2,A1,-1.1002482145670756
985,985,TUN,RUS,G3,A1,-1.6083920810660106
986,986,ENG,RUS,G4,A1,0.09999258160590374
987,987,POL,RUS,H1,A1,-0.2269798514825837
988,988,SEN,RUS,H2,A1,-0.8295897710971502
989,989,COL,RUS,H3,A1,-0.14321485933004197
990,990,JPN,RUS,H4,A1,-1.1718997995515281
991,991,KSA,RUS,A2,A1,-1.2190548790908893
